time,headset_vel.x,headset_vel.y,headset_vel.z,headset_angularVel.x,headset_angularVel.y,headset_angularVel.z,headset_pos.x,headset_pos.y,headset_pos.z,headset_rot.x,headset_rot.y,headset_rot.z,controller_left_vel.x,controller_left_vel.y,controller_left_vel.z,controller_left_angularVel.x,controller_left_angularVel.y,controller_left_angularVel.z,controller_left_pos.x,controller_left_pos.y,controller_left_pos.z,controller_left_rot.x,controller_left_rot.y,controller_left_rot.z,controller_right_vel.x,controller_right_vel.y,controller_right_vel.z,controller_right_angularVel.x,controller_right_angularVel.y,controller_right_angularVel.z,controller_right_pos.x,controller_right_pos.y,controller_right_pos.z,controller_right_rot.x,controller_right_rot.y,controller_right_rot.z
0.414,-0.5249553,-0.1140879,-0.6702163,0.1457753,-0.3455485,0.1093342,1.982849,-0.3427876,0.03038788,11.23037,228.0117,356.2363,-1.15527,0.1629485,-0.8538607,1.8302,-0.4828651,-0.2519145,2.096685,-1.048887,-0.3133872,24.60396,178.2036,301.0662,-0.3184201,-0.1330517,-0.7146466,0.03044019,-0.02475035,-0.2412026,1.910935,-1.177164,0.2904778,62.53981,317.9438,97.6284,
13.212,-0.5447685,-0.09949878,-0.6631656,0.1416871,-0.3673841,0.05333868,1.974671,-0.3437598,0.02119827,11.1466,228.3462,356.1966,-1.121119,0.1154715,-0.7732114,1.728132,-0.5769205,-0.2334257,2.08325,-1.048478,-0.3221917,24.39098,179.6654,301.4249,-0.3693394,-0.1261479,-0.7247484,-0.07217647,-0.04201388,-0.08985562,1.904513,-1.178921,0.2800493,62.27752,317.9353,97.66107,
27.101,-0.5642738,-0.08409227,-0.6578225,0.1209502,-0.3912198,-0.01497644,1.966315,-0.3446397,0.01206875,11.00762,228.6824,356.1863,-1.093434,0.07969035,-0.7143581,1.635988,-0.6902494,-0.2807705,2.070245,-1.048426,-0.3306833,24.23727,181.1797,301.941,-0.4181297,-0.1189824,-0.7265497,-0.07296033,-0.02415133,0.2141067,1.897658,-1.180233,0.2692242,61.80165,318.5251,97.84205,
40.912,-0.5808812,-0.06934118,-0.6533427,0.111039,-0.402342,-0.07228851,1.957754,-0.3452262,0.003139973,10.85259,229.0009,356.1408,-1.053901,0.03499262,-0.6484474,1.484257,-0.8381876,-0.3597034,2.058299,-1.04905,-0.3378704,24.26054,182.6615,302.6493,-0.4529479,-0.1129105,-0.7430013,0.2043478,0.03973418,0.3969472,1.890124,-1.181436,0.2579536,61.83489,319.5108,97.99918,
54.691,-0.5934972,-0.05567617,-0.648786,0.09902231,-0.3981734,-0.09449619,1.94914,-0.3455997,-0.005694866,10.76274,229.3048,356.1194,-0.9932116,-0.02504167,-0.5763031,1.217228,-0.9906539,-0.3598505,2.047298,-1.050992,-0.3446905,24.57628,183.9133,303.3477,-0.4927928,-0.1025855,-0.7773981,0.5108847,-0.02079177,0.4566028,1.881825,-1.182484,0.2460117,62.10795,320.0254,97.52464,
68.649,-0.6037538,-0.03522436,-0.6440392,0.1090036,-0.3837329,-0.06617652,1.940337,-0.3451548,-0.01442051,10.77861,229.5837,356.045,-0.9266118,-0.08448899,-0.51482,0.9334576,-1.095167,-0.2505202,2.037323,-1.05301,-0.3502741,25.11819,184.9268,303.86,-0.5369363,-0.08821154,-0.825247,0.8181141,-0.2039859,0.3892513,1.873228,-1.182336,0.2334572,62.62561,319.761,96.1926,
82.626,-0.6152298,-0.01093215,-0.6402123,0.09210259,-0.3906651,-0.1259275,1.931331,-0.3446898,-0.02314472,10.49533,229.9008,356.0392,-0.8477889,-0.1493413,-0.4578675,0.6109444,-1.146946,-0.01469103,2.028017,-1.056436,-0.3563465,25.97377,185.5835,304.0842,-0.5801517,-0.07417484,-0.8644926,0.9936986,-0.3376247,0.3163252,1.863884,-1.183579,0.2212694,63.12747,319.3647,94.78775,
96.397,-0.6253,0.007484563,-0.6354851,0.05185385,-0.4253763,-0.2503002,1.922338,-0.3445731,-0.03177023,10.04158,230.2807,356.0524,-0.7635688,-0.2161225,-0.4045331,0.3369171,-1.152825,0.309795,2.020146,-1.059776,-0.3604378,27.06007,185.9939,303.9808,-0.6169516,-0.05551566,-0.89373,0.9196516,-0.3839654,0.1719699,1.854711,-1.182766,0.2082877,63.49369,318.7708,93.68073,
111.684,-0.629698,0.0248879,-0.6271635,0.02867772,-0.4435999,-0.2268248,1.913505,-0.3437503,-0.04009199,9.990556,230.6503,356.1001,-0.678224,-0.2794215,-0.3576961,0.1580554,-1.10525,0.6492305,2.01287,-1.064651,-0.3656228,28.24845,186.2448,303.5822,-0.6534829,-0.03906201,-0.9285766,0.7269967,-0.4827133,-0.1155281,1.844871,-1.183262,0.1951211,63.90613,317.2484,92.17558,
124.387,-0.6319919,0.05018918,-0.6182293,0.02812559,-0.4333349,-0.1242717,1.904499,-0.3421318,-0.04841948,10.04883,230.9715,356.1273,-0.5843214,-0.3310417,-0.3189271,0.003412038,-0.8642229,1.044182,2.007029,-1.069074,-0.3691133,29.38983,185.9334,302.5359,-0.6890236,-0.02841083,-0.9546732,0.4556014,-0.4876693,-0.3253184,1.834643,-1.183377,0.1816803,64.13715,315.7795,91.05875,
137.867,-0.636327,0.07391243,-0.6138993,0.01798526,-0.4278338,-0.1256385,1.89531,-0.3405073,-0.05682945,9.847466,231.2951,356.1523,-0.4929481,-0.3608093,-0.2790207,-0.08230457,-0.6664631,1.2704,2.002013,-1.073552,-0.3724142,30.4143,185.5714,301.4746,-0.724897,-0.01154926,-0.9812077,0.3312869,-0.5869831,-0.5277455,1.824065,-1.182101,0.1680747,64.44798,313.69,89.26402,
151.757,-0.64102,0.09179822,-0.6108808,0.02991405,-0.4482225,-0.2030092,1.88614,-0.3391261,-0.06517315,9.499788,231.6794,356.0711,-0.4006241,-0.3777097,-0.2433841,-0.2916344,-0.5231053,1.391262,1.998194,-1.078095,-0.3755215,31.55486,184.9216,300.4968,-0.7569349,0.006943324,-1.000916,0.2450829,-0.6215077,-0.6926475,1.812987,-1.182054,0.1547372,64.78207,311.5719,87.5013,
165.744,-0.6418026,0.09880071,-0.6049222,0.07956655,-0.5013409,-0.2770069,1.877242,-0.3380781,-0.07331562,9.199229,232.1626,355.903,-0.3045354,-0.3823117,-0.2130373,-0.6193633,-0.3499782,1.343838,1.995471,-1.082413,-0.3779954,32.58302,183.8507,299.6816,-0.7932563,0.02661345,-1.011969,0.0751655,-0.6320158,-0.7919422,1.801328,-1.180609,0.1410475,64.90556,309.4589,85.93977,
179.784,-0.6368276,0.09520435,-0.5965719,0.1287777,-0.5561642,-0.2496649,1.868501,-0.3370447,-0.08127117,9.12752,232.6907,355.7918,-0.2089452,-0.3922978,-0.1867867,-1.136508,-0.1912482,1.262009,1.993315,-1.087443,-0.3807144,33.77808,182.1133,298.8626,-0.8394737,0.04559559,-1.014189,-0.127295,-0.7051786,-0.7765318,1.788935,-1.180025,0.1275771,64.67255,307.3136,84.33195,
193.653,-0.6293067,0.09004195,-0.5883305,0.1737709,-0.5921218,-0.1745677,1.859836,-0.3358539,-0.08918762,9.15358,233.2171,355.6764,-0.1248921,-0.4089355,-0.1566039,-1.698423,-0.1277359,1.152632,1.991908,-1.092345,-0.3826697,35.22301,179.9891,298.1078,-0.879015,0.06039084,-1.001632,-0.3260468,-0.7247272,-0.6215828,1.776496,-1.178923,0.1144582,64.1384,305.8267,83.27913,
207.904,-0.6213866,0.08359315,-0.580657,0.1823488,-0.616702,-0.1201834,1.851167,-0.3348936,-0.09708691,9.110146,233.7325,355.6226,-0.05406835,-0.4264402,-0.1201727,-2.219645,-0.1228872,1.00715,1.990806,-1.097557,-0.3843528,36.83229,177.5795,297.3688,-0.914332,0.08190811,-0.9636236,-0.4609492,-0.6698306,-0.242415,1.763859,-1.17735,0.1021035,63.311,305.5577,83.04805,
221.814,-0.614622,0.07655807,-0.5733542,0.1725881,-0.6274303,-0.06833408,1.842599,-0.3341109,-0.1048136,9.132907,234.2482,355.6045,0.001086633,-0.4401681,-0.07921445,-2.589595,-0.1578544,0.8486778,1.990234,-1.102582,-0.3852422,38.48945,175.12,296.6205,-0.9382586,0.1053474,-0.96757,-0.1784507,-0.8120382,-0.1042301,1.750555,-1.175133,0.08807281,63.01285,304.3199,81.25378,
235.45,-0.6080199,0.06775468,-0.5659485,0.1686281,-0.6294922,-0.003451981,1.834218,-0.3334527,-0.1124501,9.22734,234.7675,355.5896,0.04312118,-0.4477494,-0.03658975,-2.788655,-0.1915619,0.737034,1.989987,-1.107777,-0.3858062,40.10292,172.6746,295.7219,-0.9512933,0.1280643,-0.9883704,0.1224996,-1.008315,-0.196323,1.737737,-1.172582,0.07454662,62.99973,302.1421,78.47751,
249.702,-0.6017735,0.05815768,-0.5592753,0.1648918,-0.623439,0.05655022,1.825886,-0.3329296,-0.1199989,9.342224,235.2632,355.594,0.07941183,-0.4501644,0.01203978,-2.869582,-0.2564605,0.7043248,1.990237,-1.112787,-0.3856696,41.75326,170.2919,294.6435,-0.9581855,0.1593723,-1.027427,0.379437,-1.24739,-0.5526596,1.725045,-1.169584,0.06082799,63.21107,298.4573,74.37695,
263.687,-0.5968226,0.04985362,-0.5543097,0.1723626,-0.6108713,0.1045354,1.817585,-0.3323578,-0.1275973,9.495822,235.7542,355.5795,0.1060675,-0.4447341,0.05123564,-2.872411,-0.2823131,0.7033538,1.990786,-1.117621,-0.3853574,43.30648,167.8802,293.3526,-0.960441,0.1790688,-1.044988,0.3042063,-1.263127,-0.8236298,1.712264,-1.166952,0.04727608,63.15567,295.1757,71.27554,
277.466,-0.5935564,0.04619158,-0.5505873,0.1816592,-0.5964407,0.141433,1.809226,-0.3316003,-0.135129,9.651888,236.2292,355.571,0.1286103,-0.4318017,0.07993079,-2.831603,-0.2294451,0.7036278,1.991589,-1.12233,-0.3848633,44.63335,165.3232,291.7817,-0.9642441,0.1904416,-1.042749,0.06313128,-1.203248,-0.9458951,1.699528,-1.164407,0.034038,62.77262,292.439,69.04466,
291.279,-0.5929754,0.04251278,-0.548722,0.1555185,-0.5963656,0.1215862,1.800756,-0.3311569,-0.1426654,9.65238,236.7264,355.6052,0.1600681,-0.4052034,0.1121911,-2.752081,-0.09170675,0.7171794,1.992888,-1.126513,-0.3836672,45.63485,162.59,289.8642,-0.9718844,0.2037012,-1.030339,-0.321296,-1.157205,-1.015513,1.686811,-1.161546,0.02085927,61.96816,289.9697,67.48101,
305.272,-0.5928937,0.03759414,-0.5470827,0.1110052,-0.6058224,0.1036979,1.792405,-0.3308708,-0.150126,9.662558,237.2363,355.7045,0.1811203,-0.3811571,0.1368512,-2.733753,-0.01096904,0.7062243,1.994164,-1.130573,-0.3824715,46.59451,159.6833,287.7972,-0.9750035,0.2152612,-1.014076,-0.5724512,-1.123443,-1.063659,1.674209,-1.15868,0.008132331,61.10809,287.621,66.01078,
319.318,-0.593181,0.03223568,-0.5454305,0.06662938,-0.6028511,0.1026455,1.784055,-0.3305053,-0.1576037,9.701945,237.7184,355.823,0.2005589,-0.3526674,0.1624231,-2.737409,0.06665307,0.6882492,1.995576,-1.134321,-0.3809597,47.40504,156.5805,285.5016,-0.9704764,0.2186741,-0.9951119,-0.6067625,-1.054716,-1.07183,1.661531,-1.156032,-0.004156299,60.47406,285.5185,64.5401,
332.845,-0.5948153,0.02762982,-0.5444234,0.02509691,-0.5831256,0.1038692,1.775573,-0.3302751,-0.1651392,9.710414,238.1546,355.9617,0.2113086,-0.3204282,0.1841519,-2.714035,0.1257456,0.6123972,1.996913,-1.137676,-0.3792692,48.04015,153.4812,283.242,-0.9638109,0.2175585,-0.9679994,-0.4835989,-0.9749157,-0.9754157,1.648696,-1.15336,-0.01600158,60.0339,283.8801,63.15045,
347.075,-0.5984017,0.0234584,-0.5438921,0.01464001,-0.5599694,0.1029777,1.766968,-0.3300607,-0.1726604,9.743069,238.5734,356.0398,0.2112109,-0.2962409,0.1971279,-2.676307,0.140734,0.5265213,1.998187,-1.140968,-0.3775703,48.58679,150.4381,281.0256,-0.9575515,0.209879,-0.9350197,-0.2631505,-0.8932115,-0.7568237,1.635761,-1.150964,-0.02756382,59.76758,282.904,61.95657,
361.057,-0.6035693,0.01808001,-0.5436724,0.02936203,-0.5425726,0.09215996,1.75829,-0.3299874,-0.1802235,9.772772,239.0035,356.0699,0.2088159,-0.2736685,0.213637,-2.726135,0.1121591,0.4583187,1.999375,-1.144013,-0.375753,49.15221,147.1203,278.594,-0.9606693,0.2070906,-0.8996475,-0.10415,-0.9248881,-0.4744465,1.622717,-1.148306,-0.03896839,59.28695,282.3557,60.87157,
374.707,-0.608516,0.01176731,-0.5437006,0.05457956,-0.5315199,0.09771307,1.749592,-0.3300437,-0.187685,9.853918,239.4253,356.1014,0.2056115,-0.253993,0.2311084,-2.924787,0.04801357,0.4155045,2.00016,-1.146991,-0.3742099,49.77214,143.1638,275.6378,-0.9628788,0.2094898,-0.8728517,0.182477,-1.055287,-0.3055167,1.609783,-1.145417,-0.0499742,58.88214,281.513,59.07192,
388.955,-0.6143821,0.003156662,-0.5437769,0.0803654,-0.5200646,0.117246,1.740781,-0.3301859,-0.1950994,9.969153,239.8467,356.147,0.192077,-0.2322263,0.2407175,-3.126328,-0.05730796,0.3443165,2.000451,-1.149511,-0.3731213,50.37981,138.8613,272.4294,-0.9590474,0.2168902,-0.8534826,0.3380467,-1.202036,-0.2951357,1.597296,-1.142642,-0.06061999,58.36491,280.2404,56.96806,
402.646,-0.6204726,-0.005004341,-0.543337,0.09017256,-0.5200899,0.1377232,1.731895,-0.3304716,-0.2026472,10.07663,240.2928,356.2152,0.1611184,-0.197,0.2263996,-3.093884,-0.09207535,0.2663317,2.000016,-1.151168,-0.3725753,50.66291,135.0693,269.5415,-0.9472976,0.2190237,-0.8313439,0.3597493,-1.248067,-0.2870759,1.585127,-1.140018,-0.07112541,57.8055,279.1758,55.23736,
416.465,-0.6271433,-0.01267674,-0.5432951,0.1016561,-0.528965,0.1558201,1.72291,-0.3307876,-0.2102418,10.20521,240.7562,356.2696,0.1133423,-0.1572716,0.1855743,-2.875106,-0.1190009,0.1193466,1.998802,-1.152295,-0.3730963,50.79237,132.0015,267.3514,-0.9302472,0.2136004,-0.809491,0.3226776,-1.23279,-0.2867926,1.57327,-1.137702,-0.08150899,57.24513,278.2407,53.77434,
430.737,-0.6340994,-0.01947523,-0.54381,0.1119687,-0.5334607,0.1620247,1.713826,-0.3312722,-0.2178617,10.30453,241.2189,356.3238,0.05045082,-0.1122105,0.1153838,-2.376143,-0.005905688,-0.003438473,1.99692,-1.152791,-0.3743254,50.5595,130.2809,266.2144,-0.904617,0.1993886,-0.7914039,0.2921728,-1.119925,-0.3239183,1.561839,-1.135644,-0.09166393,56.85353,277.3279,52.50076,
444.711,-0.6406978,-0.0276536,-0.5455774,0.1080355,-0.5365644,0.1571512,1.7047,-0.3319665,-0.2253857,10.37822,241.661,356.3959,-0.01858,-0.07394868,0.03098204,-1.896853,0.1583853,-0.04753113,1.993897,-1.153531,-0.376491,50.08132,129.141,265.4091,-0.8778386,0.1823488,-0.7751832,0.2138719,-0.9638008,-0.3734961,1.550525,-1.133816,-0.1015979,56.53419,276.4439,51.48508,
458.801,-0.6467173,-0.03684938,-0.5480132,0.1020838,-0.529924,0.1527924,1.695472,-0.3327434,-0.2330151,10.45566,242.0915,356.4559,-0.08031654,-0.05822292,-0.03401434,-1.615486,0.1642368,-0.03391215,1.990631,-1.154349,-0.3792401,49.86166,127.819,264.4079,-0.8550982,0.1629813,-0.7561187,0.1290729,-0.8359986,-0.3975351,1.539474,-1.13229,-0.1111952,56.19329,275.6446,50.63756,
472.264,-0.6529911,-0.04491435,-0.5519596,0.0968406,-0.525647,0.1299764,1.686087,-0.3335107,-0.2407818,10.48948,242.522,356.4955,-0.14091,-0.05207215,-0.09577737,-1.398715,0.1531797,0.0342685,1.986429,-1.155371,-0.3827432,49.66714,126.625,263.3594,-0.8347393,0.1364368,-0.7307644,0.1137752,-0.6828116,-0.3428679,1.528388,-1.131378,-0.1203603,56.01171,275.1794,50.0541,
486.396,-0.659694,-0.05276056,-0.5565702,0.06728648,-0.5249639,0.07980487,1.676623,-0.334528,-0.248601,10.41066,242.9435,356.5428,-0.1985303,-0.05288785,-0.1545588,-1.26389,0.1151958,0.06761503,1.981675,-1.156429,-0.3870725,49.52878,125.4075,262.3226,-0.8215299,0.1090302,-0.7032642,0.09652343,-0.5713061,-0.2409389,1.517377,-1.130739,-0.1292252,55.82544,275.0045,49.70591,
500.243,-0.6640738,-0.05971612,-0.5605468,0.05855517,-0.5193034,0.04880696,1.667275,-0.3356155,-0.2564869,10.38833,243.3533,356.5624,-0.2534795,-0.05543236,-0.2155566,-1.172697,0.115199,0.05533582,1.976095,-1.157526,-0.3922839,49.31238,124.2233,261.3776,-0.810567,0.08310228,-0.6760995,0.1229509,-0.5125288,-0.1504384,1.5065,-1.130404,-0.137807,55.66024,274.9085,49.32748,
514.044,-0.667728,-0.06794015,-0.5652725,0.06979553,-0.5074491,0.02589355,1.657885,-0.3367914,-0.2644286,10.38657,243.7323,356.5384,-0.3111781,-0.06147035,-0.2778308,-1.094199,0.07917032,-0.01495138,1.969725,-1.158691,-0.3983967,49.16722,123.0844,260.609,-0.8014805,0.05832687,-0.6522224,0.1936245,-0.4923037,-0.1033482,1.495665,-1.130267,-0.1460943,55.53913,274.7372,48.76439,
528.177,-0.6712544,-0.07589474,-0.5700397,0.08335798,-0.4914814,0.006177234,1.648385,-0.3380418,-0.2724552,10.37665,244.1055,356.5093,-0.3745745,-0.0673862,-0.3468739,-0.9397123,0.05683637,-0.06256399,1.962482,-1.159786,-0.405465,49.05787,122.3086,260.1302,-0.7932519,0.03722603,-0.6288534,0.2028281,-0.4699,-0.07083049,1.485053,-1.130311,-0.1540986,55.38079,274.5903,48.297,
541.994,-0.6749357,-0.0849176,-0.5755251,0.07133576,-0.4864267,-0.02155657,1.638726,-0.3395067,-0.280632,10.28234,244.4941,356.5088,-0.4359441,-0.07721813,-0.4187584,-0.7546944,0.0412164,-0.09029688,1.956137,-1.164716,-0.4142002,48.97919,121.8336,259.8767,-0.7809694,0.01768723,-0.6054171,0.1462076,-0.4039991,-0.05311053,1.474744,-1.130706,-0.1618529,55.23178,274.4944,48.0609,
555.828,-0.6785163,-0.09482499,-0.5812237,0.05025844,-0.48276,-0.03483865,1.629029,-0.3411121,-0.2888756,10.21356,244.8677,356.5308,-0.4895355,-0.0868829,-0.482347,-0.5719504,0.03228855,-0.09792315,1.949124,-1.169247,-0.4233775,48.93134,121.5897,259.7792,-0.7698418,0.001166542,-0.5867494,0.05052381,-0.3560976,-0.06954855,1.46461,-1.131364,-0.1693283,55.01124,274.3044,47.87835,
569.725,-0.6823491,-0.1032394,-0.5882002,0.0440317,-0.4760325,-0.02524952,1.61929,-0.342558,-0.2971597,10.19627,245.2446,356.557,-0.5587644,-0.1009365,-0.5667501,-0.3405484,0.06142411,-0.05731862,1.940807,-1.174062,-0.4338886,48.85852,121.7625,259.9021,-0.7542311,-0.02421319,-0.5569955,-0.09626795,-0.2438772,-0.01978928,1.454628,-1.132586,-0.1763519,54.79854,274.4283,48.20006,
583.755,-0.6875111,-0.1086516,-0.594767,0.02753866,-0.4742405,-0.01441535,1.60943,-0.3441176,-0.3055182,10.14033,245.6257,356.6113,-0.6191381,-0.1118196,-0.6399481,-0.1355722,0.1436004,0.06164944,1.930983,-1.17704,-0.4444651,48.65993,122.1447,259.9742,-0.7402986,-0.04989201,-0.5235463,-0.1336064,-0.1507046,0.1071246,1.444711,-1.13407,-0.1829488,54.68045,274.9142,48.69654,
597.841,-0.6937008,-0.1101918,-0.6011415,0.02676031,-0.4698465,0.02234512,1.599467,-0.3455148,-0.3139248,10.18183,246.0066,356.6982,-0.6821306,-0.1229006,-0.7111259,0.09452409,0.2252785,0.2409414,1.920205,-1.180078,-0.4557295,48.43229,122.8763,260.0667,-0.7250344,-0.07612991,-0.485347,-0.07270908,-0.08140983,0.2774294,1.434978,-1.135779,-0.1890773,54.66975,275.7312,49.28535,
611.574,-0.6993675,-0.1084969,-0.6061029,0.03223164,-0.4607821,0.06337994,1.589422,-0.3468672,-0.322413,10.23464,246.3744,356.7914,-0.7484755,-0.1298138,-0.7770132,0.3130816,0.2755419,0.4130185,1.908167,-1.182064,-0.4676347,48.23821,123.8177,260.1712,-0.709942,-0.09426538,-0.4526105,0.00425221,-0.03027591,0.4162431,1.425644,-1.1374,-0.1948981,54.70427,276.6718,49.9011,
625.644,-0.7056054,-0.103926,-0.61133,0.04410057,-0.4540123,0.09437826,1.579288,-0.3480427,-0.3309693,10.30432,246.7535,356.874,-0.8184251,-0.1298263,-0.8376476,0.5426669,0.29184,0.5050258,1.895222,-1.183757,-0.480113,48.10983,125.0263,260.5015,-0.6829305,-0.1136189,-0.4168154,0.1509593,0.05632688,0.4926634,1.416584,-1.139248,-0.2002324,54.97373,277.6046,50.41543,
639.434,-0.711701,-0.09638269,-0.6166505,0.04850138,-0.4629757,0.1026083,1.569155,-0.3491167,-0.339602,10.32903,247.1626,356.9467,-0.887171,-0.1210957,-0.8894255,0.692946,0.2819622,0.4792879,1.880998,-1.184442,-0.4929253,48.01432,126.2097,260.9994,-0.6627005,-0.1230987,-0.3900694,0.2001992,0.1331608,0.5499872,1.407732,-1.140937,-0.2052662,55.18911,278.5879,51.08539,
653.279,-0.7181482,-0.08758982,-0.6221651,0.04245194,-0.475965,0.0885093,1.558923,-0.3501434,-0.3483086,10.30485,247.5712,357.007,-0.965216,-0.1054295,-0.9401103,0.8194271,0.2336172,0.3549093,1.865481,-1.184601,-0.50628,47.99858,127.4611,261.7875,-0.6424846,-0.124792,-0.3560363,0.2097453,0.1932629,0.6424021,1.399029,-1.142348,-0.2098689,55.34655,279.8361,52.01107,
667.262,-0.7247961,-0.07860164,-0.6272941,0.03768696,-0.4881882,0.06047276,1.548551,-0.3510409,-0.3570576,10.26152,247.9804,357.0337,-1.033009,-0.0938187,-0.9772173,0.9137696,0.1483595,0.2429367,1.849763,-1.185298,-0.5199814,48.08371,128.7308,262.6537,-0.6228887,-0.1205526,-0.3256893,0.2843877,0.1735567,0.6884739,1.390699,-1.143695,-0.2141,55.48275,280.966,52.63799,
681.326,-0.7309226,-0.06912979,-0.6310757,0.05448947,-0.4922585,0.04228778,1.538072,-0.3517742,-0.3657756,10.27071,248.3834,357.0383,-1.090536,-0.0871694,-1.005469,1.007101,0.07561341,0.1824637,1.833773,-1.186402,-0.5340013,48.19741,130.1169,263.5688,-0.6023808,-0.1188303,-0.2968971,0.4312061,0.1660103,0.7427617,1.382463,-1.145233,-0.2179863,55.74427,282.2191,53.18879,
695.103,-0.736595,-0.05265245,-0.6326644,0.1338996,-0.4946774,0.03511435,1.527575,-0.3517133,-0.3743801,10.42483,248.8004,356.9153,-1.156607,-0.07956658,-1.033915,1.123447,0.00129047,0.159963,1.816677,-1.187253,-0.5484295,48.35745,131.7023,264.5662,-0.5861896,-0.1148968,-0.2659928,0.5313417,0.1471776,0.8568331,1.374343,-1.146586,-0.2215691,55.90891,283.8042,53.96361,
709.082,-0.7445573,-0.02770209,-0.6315759,0.201115,-0.523484,0.0234046,1.516893,-0.3512343,-0.3829379,10.53611,249.3012,356.8186,-1.21074,-0.0683911,-1.052881,1.217807,-0.05182356,0.1545357,1.799226,-1.187675,-0.5627523,48.4994,133.3628,265.5725,-0.5676329,-0.1025475,-0.2307007,0.5877805,0.1376778,1.00493,1.366844,-1.147405,-0.2246351,55.95343,285.6976,54.99667,
723.074,-0.7550548,0.007085915,-0.6275038,0.2220124,-0.5683613,0.02588352,1.506058,-0.3500278,-0.3913655,10.60334,249.8499,356.8046,-1.278622,-0.04539746,-1.069235,1.316421,-0.1167324,0.1870971,1.780416,-1.187311,-0.5773537,48.68213,135.1434,266.5509,-0.5384017,-0.08147532,-0.1919807,0.6839231,0.1669759,1.159866,1.359858,-1.14775,-0.2272567,56.03635,287.917,56.2352,
736.582,-0.7672796,0.04065194,-0.6228772,0.1422797,-0.6275638,-0.02552104,1.494955,-0.3489974,-0.3999028,10.36415,250.4202,356.8163,-1.336208,-0.01525173,-1.078483,1.422985,-0.1596786,0.2502968,1.76123,-1.186426,-0.5918562,48.83587,137.0347,267.4736,-0.5006419,-0.05238661,-0.1531729,0.8505288,0.1698236,1.295776,1.353518,-1.147482,-0.2294578,56.14064,290.3297,57.42957,
750.823,-0.7756706,0.0716061,-0.6171235,0.1468677,-0.658306,-0.06070593,1.483998,-0.3472749,-0.4082956,10.4019,250.9786,356.6902,-1.392756,0.01638385,-1.082928,1.52626,-0.239842,0.3149796,1.741392,-1.185209,-0.6063619,49.0737,139.0369,268.3884,-0.4514134,-0.02326228,-0.1247491,1.202432,0.09628689,1.283369,1.347942,-1.146966,-0.2314763,56.5264,292.5043,57.95602,
764.835,-0.7805409,0.1009221,-0.6095497,0.1862852,-0.6607762,-0.07903942,1.472971,-0.3451952,-0.4164557,10.44022,251.4955,356.5544,-1.447083,0.04713478,-1.085154,1.635149,-0.3005217,0.4171159,1.720968,-1.18356,-0.6209186,49.3154,141.1325,269.183,-0.3962346,-0.003091634,-0.1046573,1.544791,0.04107541,1.202216,1.343195,-1.146495,-0.2329249,57.08743,294.5603,58.19664,
778.828,-0.7841856,0.1168996,-0.598874,0.1343833,-0.6702439,-0.1008158,1.46201,-0.3438174,-0.4242053,10.27729,252.0259,356.5491,-1.500015,0.07989596,-1.087897,1.786234,-0.306381,0.5224243,1.699737,-1.181502,-0.6355224,49.44453,143.4154,269.9267,-0.3323725,0.009641203,-0.07948399,1.755674,0.1951483,1.228183,1.339193,-1.146045,-0.2345828,57.68819,297.4331,59.41765,
792.567,-0.7820945,0.118049,-0.5856134,0.1030382,-0.6620629,-0.06531456,1.451236,-0.3425528,-0.431716,10.2665,252.5482,356.6098,-1.556149,0.1080489,-1.092676,1.984456,-0.3421628,0.5651916,1.677868,-1.179286,-0.6502913,49.57394,146.0252,270.8626,-0.2702209,0.01373496,-0.0660168,1.891852,0.4095316,1.171175,1.335669,-1.145666,-0.2363929,58.42254,300.4238,60.9397,
806.613,-0.7759809,0.1118658,-0.5699837,0.129588,-0.6316457,0.02981274,1.440558,-0.3412923,-0.4390011,10.46369,253.0279,356.7233,-1.61568,0.1318084,-1.103967,2.257437,-0.3504052,0.522718,1.655295,-1.177019,-0.6652051,49.53722,149.1023,272.1156,-0.2228916,0.01259176,-0.07154581,1.909725,0.5396092,0.9870867,1.332225,-1.145366,-0.2382986,59.20699,302.8835,62.16602,
820.534,-0.7694829,0.1080099,-0.5540432,0.1906092,-0.5774906,0.1165294,1.429819,-0.3396215,-0.4461823,10.71915,253.4581,356.7882,-1.672372,0.152408,-1.116158,2.527948,-0.3113582,0.3901348,1.632213,-1.174628,-0.6799812,49.23555,152.4605,273.6067,-0.1945364,0.009303903,-0.08298673,1.805167,0.5777522,0.83304,1.328944,-1.145171,-0.24022,59.79424,304.9931,63.24741,
834.145,-0.7687669,0.1106453,-0.5422404,0.1832211,-0.5382585,0.1363142,1.41894,-0.3378327,-0.4534168,10.77611,253.8533,356.8682,-1.728817,0.173943,-1.121483,2.737635,-0.2628278,0.1998481,1.608407,-1.171914,-0.6945505,48.73591,155.8842,275.2043,-0.1717279,0.005441088,-0.08770424,1.700971,0.5573274,0.771085,1.32608,-1.145067,-0.2419919,60.17188,307.1258,64.33716,
848.32,-0.7729928,0.1140785,-0.5302681,0.09998944,-0.5061649,0.1050259,1.407894,-0.3363023,-0.4604611,10.63548,254.2177,356.9607,-1.77244,0.1931221,-1.111676,2.855247,-0.2651317,0.03144407,1.584513,-1.168993,-0.7086598,48.23216,159.2109,276.7332,-0.1516049,0.001358059,-0.08538055,1.683902,0.5162398,0.7612845,1.32358,-1.145187,-0.2436022,60.47178,309.4237,65.42197,
862.283,-0.7783476,0.112341,-0.518599,0.02592756,-0.4832411,0.05847912,1.396881,-0.3350796,-0.4672976,10.49942,254.5637,357.0098,-1.81308,0.2129533,-1.089579,2.951169,-0.3246198,-0.1267626,1.560192,-1.165784,-0.7222961,47.73697,162.6135,278.288,-0.1253813,-0.00421517,-0.08118899,1.700345,0.5490006,0.7442412,1.321424,-1.14537,-0.2452331,60.80857,311.9731,66.75106,
875.888,-0.7812439,0.1051849,-0.5059369,0.01675958,-0.4504578,0.03578204,1.385972,-0.3339806,-0.4738698,10.50402,254.8717,357.0215,-1.850504,0.2319724,-1.056901,3.023155,-0.4330642,-0.2802338,1.535523,-1.162312,-0.7354182,47.26525,166.0994,279.8851,-0.1015252,-0.007977714,-0.08197073,1.642337,0.590909,0.6885043,1.319517,-1.14542,-0.2470245,61.11935,314.3744,68.11588,
890.031,-0.7831546,0.09316378,-0.4925936,0.05793832,-0.4147024,0.02147713,1.374953,-0.3330863,-0.4803228,10.56947,255.1705,356.9879,-1.881954,0.2500795,-1.01792,3.070506,-0.5393484,-0.4373212,1.510695,-1.158618,-0.7479755,46.74855,169.6149,281.4857,-0.08379278,-0.008783881,-0.08447839,1.552043,0.641586,0.6369625,1.317801,-1.14537,-0.248841,61.37379,316.7401,69.58046,
903.787,-0.7848106,0.08131948,-0.4813752,0.1125479,-0.3997806,0.001074417,1.363849,-0.3322887,-0.4866962,10.65481,255.4892,356.9001,-1.904095,0.2673975,-0.975432,3.048954,-0.6279185,-0.5849628,1.485555,-1.154556,-0.7601716,46.19791,172.9919,283.0107,-0.06433962,-0.006475885,-0.08698525,1.467919,0.6546808,0.5951008,1.316335,-1.145354,-0.2505669,61.55661,318.9849,70.96146,
917.781,-0.7866127,0.07031099,-0.4687294,0.1997924,-0.3932747,0.006597539,1.352707,-0.331425,-0.4929137,10.89323,255.8453,356.8215,-1.917578,0.2833533,-0.9318975,2.948334,-0.6957608,-0.7327742,1.460278,-1.150218,-0.7718585,45.60992,176.1537,284.4834,-0.05039565,-0.001646328,-0.08793472,1.43686,0.6259077,0.5767775,1.314961,-1.145407,-0.2522656,61.67263,321.1883,72.20101,
931.335,-0.7890712,0.05917314,-0.4564223,0.2424417,-0.3908951,0.02840811,1.341654,-0.3309134,-0.498899,11.05306,256.1898,356.8193,-1.924483,0.2983948,-0.8929343,2.818217,-0.7642734,-0.885942,1.435277,-1.145709,-0.7829881,44.97778,179.2085,285.982,-0.03978629,0.003102995,-0.08776695,1.44155,0.5928623,0.5805882,1.313687,-1.145432,-0.2539262,61.72165,323.4355,73.40183,
945.485,-0.7908428,0.04508131,-0.4457525,0.2452285,-0.38652,0.03992277,1.330752,-0.3307526,-0.5047669,11.16383,256.5181,356.8082,-1.921638,0.3189576,-0.8405528,2.6021,-0.8105307,-1.02116,1.410326,-1.140865,-0.7932093,44.32871,181.9612,287.4478,-0.02722399,0.008295552,-0.08283748,1.48018,0.5595193,0.6437307,1.312717,-1.145419,-0.255544,61.59625,325.8062,74.59709,
959.428,-0.7902268,0.02783392,-0.4367546,0.2574055,-0.3738046,0.02861255,1.319871,-0.3308695,-0.5105934,11.31789,256.8174,356.7279,-1.915484,0.3303041,-0.7983348,2.39465,-0.8834579,-1.099808,1.385692,-1.136311,-0.8030553,43.75652,184.5957,288.8746,-0.01421961,0.006064197,-0.08253279,1.551339,0.5820308,0.6202399,1.311824,-1.145661,-0.2572767,61.59947,328.3495,75.93414,
972.955,-0.7872051,0.01017593,-0.4284989,0.300312,-0.3458923,0.03894378,1.308959,-0.3311584,-0.5163622,11.58636,257.0994,356.6691,-1.912701,0.3401646,-0.7490131,2.289218,-0.9591463,-1.163728,1.360947,-1.131608,-0.8121793,43.16307,187.3117,290.256,0.0004220845,-0.004062062,-0.0877371,1.596898,0.6445296,0.5461591,1.311086,-1.146139,-0.2592046,61.67879,330.9953,77.43402,
987.101,-0.7834872,-0.005564898,-0.4210771,0.3421033,-0.3137726,0.0513454,1.298089,-0.3316599,-0.5219889,11.87461,257.3477,356.6096,-1.913967,0.351871,-0.6999654,2.373818,-0.970286,-1.283277,1.336336,-1.126957,-0.8204688,42.28418,190.2835,291.4464,0.01160026,-0.01766946,-0.09950964,1.556749,0.7249202,0.4277545,1.310359,-1.146759,-0.2614173,61.82575,333.5586,79.06126,
1000.811,-0.7792766,-0.02162354,-0.4128679,0.3823926,-0.2784197,0.04964809,1.287557,-0.3321982,-0.5275378,12.16622,257.5726,356.5034,-1.910423,0.3619462,-0.6512688,2.465127,-0.9321154,-1.443315,1.312074,-1.122414,-0.828123,41.19505,193.2328,292.4514,0.01643419,-0.03144289,-0.113351,1.419354,0.8104877,0.3427125,1.309634,-1.147641,-0.2638202,61.87476,335.9505,80.78205,
1014.649,-0.7765437,-0.03409951,-0.4046949,0.3994285,-0.2603447,0.05903567,1.277014,-0.3328494,-0.5329742,12.4494,257.8294,356.4659,-1.899361,0.3683336,-0.6021392,2.481897,-0.8857449,-1.592116,1.288184,-1.118039,-0.8351954,40.04304,196.0177,293.3166,0.01991357,-0.04689616,-0.1278813,1.313482,0.915441,0.2430915,1.30884,-1.148673,-0.2664136,61.95714,338.4985,82.73579,
1028.753,-0.7756602,-0.04295761,-0.3966583,0.397041,-0.2592467,0.07328835,1.266286,-0.3335732,-0.5382686,12.70743,258.1057,356.4521,-1.881222,0.3739723,-0.5452974,2.42582,-0.8746863,-1.757894,1.264621,-1.113602,-0.8414723,38.83401,198.7334,294.2101,0.02028448,-0.06022806,-0.1414921,1.24846,0.9937062,0.1317745,1.307917,-1.149774,-0.2689223,62.10366,341.111,84.74491,
1042.481,-0.7774754,-0.04987166,-0.3885521,0.3645096,-0.2698137,0.08352748,1.255244,-0.3343803,-0.5435452,12.88262,258.3896,356.4687,-1.857422,0.3774059,-0.4932345,2.257908,-0.9259509,-1.887934,1.241612,-1.1092,-0.8471934,37.67914,201.3355,295.2315,0.01579353,-0.06813552,-0.1486131,1.185533,1.06645,0.08200514,1.306785,-1.150926,-0.2714507,62.117,343.7727,86.82176,
1056.231,-0.7808859,-0.05174883,-0.3833512,0.3248886,-0.2643684,0.08351327,1.244193,-0.3350421,-0.5487723,13.03784,258.6187,356.4723,-1.822084,0.3727481,-0.4427477,1.935225,-1.034535,-1.882233,1.219122,-1.104967,-0.8524927,36.7858,203.6339,296.4077,0.00798607,-0.07220705,-0.1503975,1.142184,1.15105,0.08233346,1.305447,-1.152125,-0.2739876,61.9678,346.5574,89.00032,
1070.424,-0.7864908,-0.05204342,-0.3788909,0.2575147,-0.2552644,0.06314319,1.23336,-0.3357911,-0.553874,13.07818,258.8243,356.4706,-1.77781,0.3635332,-0.399367,1.514535,-1.138722,-1.775464,1.197162,-1.100783,-0.8575456,36.11557,205.559,297.7046,-0.003358033,-0.07437072,-0.1517035,1.099703,1.241262,0.08041015,1.303782,-1.153324,-0.2766204,61.73195,349.4114,91.26912,
1084.405,-0.7924162,-0.0548102,-0.3742454,0.1976641,-0.2524489,0.02393826,1.222442,-0.336706,-0.5588856,13.08468,259.0332,356.4166,-1.731115,0.3561506,-0.3637032,1.086885,-1.191536,-1.687171,1.175784,-1.096672,-0.8620996,35.42793,207.1968,299.0856,-0.02016692,-0.07453736,-0.1552693,1.031673,1.313647,0.06381337,1.301706,-1.154472,-0.2793545,61.4402,352.1786,93.52746,
1098.526,-0.7982352,-0.06061696,-0.3691572,0.1586853,-0.2576191,0.005855083,1.211219,-0.3378285,-0.5638103,13.10523,259.2557,356.409,-1.68603,0.3496447,-0.3299185,0.7673378,-1.208048,-1.633226,1.154928,-1.092727,-0.8661075,34.67531,208.7349,300.438,-0.04329057,-0.07275571,-0.1602749,0.9368086,1.363604,0.05477175,1.299231,-1.155605,-0.2822199,61.06704,354.769,95.69625,
1112.302,-0.8042237,-0.06927391,-0.3619246,0.1405521,-0.2523667,0.02028242,1.199848,-0.3390692,-0.5686846,13.18903,259.4751,356.446,-1.644839,0.3402243,-0.294764,0.5932209,-1.228723,-1.607728,1.134492,-1.089097,-0.8696557,33.88221,210.3495,301.7144,-0.06968609,-0.07196796,-0.1686172,0.8462484,1.421454,0.003490984,1.29616,-1.156826,-0.2852575,60.70367,357.3965,97.97623,
1126.452,-0.8090721,-0.07893172,-0.3550377,0.1322038,-0.2428723,0.04930345,1.188484,-0.340485,-0.5734406,13.27456,259.681,356.5189,-1.608331,0.3284197,-0.2574159,0.5974715,-1.243426,-1.640593,1.114648,-1.085784,-0.8726737,32.96883,212.1575,302.7916,-0.1056241,-0.07251377,-0.1803903,0.7763467,1.410632,-0.05054663,1.292361,-1.158078,-0.2884018,60.38348,359.7956,100.0225,
1140.516,-0.8131606,-0.08740409,-0.3493739,0.1331495,-0.2317685,0.06665094,1.177279,-0.3418615,-0.5781322,13.35896,259.8832,356.5648,-1.570966,0.3118001,-0.2185748,0.7184164,-1.267792,-1.673219,1.095451,-1.082756,-0.8753374,32.06278,214.1452,303.6375,-0.1525487,-0.07392907,-0.1930638,0.7149497,1.333225,-0.07838283,1.287814,-1.159437,-0.2916861,60.08142,1.838214,101.7025,
1154.205,-0.8190369,-0.09579997,-0.3433544,0.1179642,-0.2211652,0.0582532,1.165966,-0.3432719,-0.5827203,13.38501,260.0578,356.5744,-1.527561,0.2877398,-0.1858331,0.8171887,-1.274147,-1.666214,1.076908,-1.080251,-0.8779036,31.23548,216.0904,304.3206,-0.2090108,-0.07620353,-0.2040645,0.6268126,1.226124,-0.06500272,1.282479,-1.16086,-0.2951091,59.73601,3.454852,103.0261,
1168.21,-0.8268709,-0.10423,-0.3372147,0.0691057,-0.219157,0.03471525,1.154233,-0.3450166,-0.5872264,13.29977,260.2246,356.5942,-1.476001,0.2568335,-0.1659433,0.8118877,-1.208171,-1.616664,1.059119,-1.078302,-0.8805096,30.45467,217.7258,304.8741,-0.2697661,-0.08018362,-0.2164557,0.5304609,1.118739,-0.07668242,1.276268,-1.162305,-0.2987398,59.44242,4.865258,104.2362,
1182.211,-0.8353801,-0.1143535,-0.3305454,0.0145316,-0.2132207,0.01362786,1.142365,-0.3469819,-0.5916615,13.19338,260.3659,356.6125,-1.420234,0.2174604,-0.1567678,0.7314684,-1.099169,-1.49334,1.041944,-1.077044,-0.8830993,29.80328,219.021,305.3291,-0.3354429,-0.08668016,-0.2303471,0.4558427,0.9858102,-0.1170895,1.269124,-1.163749,-0.3023933,59.28181,6.090908,105.2926,
1195.977,-0.8420453,-0.1246692,-0.3233697,-0.008401401,-0.186679,0.009075945,1.130682,-0.3489714,-0.5959024,13.16725,260.4617,356.6411,-1.36605,0.1700442,-0.15299,0.6394563,-1.015921,-1.301068,1.025282,-1.076384,-0.8857689,29.36854,220.1315,305.764,-0.4032794,-0.09470119,-0.242215,0.4447979,0.8466747,-0.1511127,1.261064,-1.165316,-0.3060496,59.21169,7.226611,106.1623,
1209.939,-0.8453825,-0.133081,-0.3161383,0.00505312,-0.1412746,0.01901286,1.119198,-0.3510183,-0.599946,13.21909,260.5056,356.6674,-1.321974,0.1283049,-0.1521231,0.5677596,-0.9829815,-1.123004,1.009184,-1.076031,-0.8884634,29.06034,221.2235,306.2328,-0.4641212,-0.103035,-0.2493006,0.4689576,0.7224916,-0.1577093,1.252366,-1.166991,-0.3095901,59.16637,8.267167,106.8413,
1223.96,-0.8481741,-0.1398699,-0.307943,0.03667002,-0.08217592,0.0226124,1.107637,-0.3529615,-0.6038709,13.30509,260.4965,356.6555,-1.255471,0.07410675,-0.1609411,0.4495655,-0.9099975,-0.9266908,0.9941919,-1.076531,-0.8914899,28.84928,222.0588,306.6819,-0.5282112,-0.1111674,-0.2516617,0.4885243,0.598029,-0.1146638,1.242759,-1.168766,-0.3130565,59.09024,9.029666,107.1922,
1237.723,-0.8535841,-0.1408391,-0.3003017,0.03773749,-0.04561986,0.005294889,1.095529,-0.3546066,-0.6079197,13.30448,260.4922,356.6117,-1.199404,0.03663513,-0.1768274,0.3148225,-0.8024306,-0.8059239,0.9796631,-1.07719,-0.8946975,28.53211,222.7201,307.0916,-0.6243479,-0.1219997,-0.2492652,0.4731897,0.4523734,-0.01891454,1.231191,-1.170786,-0.316567,58.96224,9.350456,107.1199,
1251.503,-0.8627506,-0.1340826,-0.292416,0.01399484,-0.03261796,-0.02801337,1.083197,-0.3559513,-0.6118431,13.23132,260.4901,356.5551,-1.137362,-0.003658663,-0.1991519,0.1807864,-0.625765,-0.64903,0.9659146,-1.078477,-0.8981211,28.29655,223.0282,307.3447,-0.6864616,-0.1267677,-0.2473088,0.4267721,0.3962021,0.02134774,1.219737,-1.172737,-0.3200361,58.79602,9.814545,107.3046,
1265.473,-0.8752805,-0.1221644,-0.2850462,-0.04882475,-0.04527287,-0.08495897,1.070644,-0.3572408,-0.6156325,13.01095,260.5057,356.4482,-1.070266,-0.04955178,-0.2239506,0.07626285,-0.4011253,-0.4473822,0.9529431,-1.080357,-0.9017473,28.21386,222.9913,307.3953,-0.7698416,-0.1281447,-0.2452584,0.3678279,0.3103472,0.08091582,1.206636,-1.17461,-0.3235447,58.63272,9.97987,107.2354,
1279.526,-0.888126,-0.1085046,-0.2783596,-0.1093052,-0.06642677,-0.1511964,1.05804,-0.3583171,-0.6192226,12.75272,260.5223,356.2869,-1.010127,-0.09232399,-0.2446927,0.008800499,-0.1975045,-0.2393518,0.940531,-1.082619,-0.9054721,28.27936,222.7465,307.3128,-0.8318142,-0.1238004,-0.2442923,0.3497922,0.2401947,0.1452685,1.193455,-1.176212,-0.3270988,58.45245,10.0796,107.0344,
1293.297,-0.9011966,-0.0944134,-0.2695665,-0.1710897,-0.08631732,-0.1726661,1.045359,-0.3594075,-0.6226802,12.48966,260.5643,356.2443,-0.9284409,-0.1522798,-0.2682341,-0.06198726,0.04972317,0.07295998,0.9292602,-1.085807,-0.9094257,28.6673,222.0715,307.0067,-0.9107769,-0.1117887,-0.2462994,0.3792128,0.1641127,0.2169378,1.178688,-1.177456,-0.3308779,58.27554,10.09659,106.6292,
1307.132,-0.90938,-0.08550814,-0.2626369,-0.1967327,-0.09915233,-0.1599609,1.032591,-0.3603767,-0.6261768,12.28283,260.6141,356.2212,-0.8686476,-0.1959223,-0.280518,-0.1164405,0.1894329,0.281665,0.9184256,-1.089193,-0.9132394,29.07608,221.439,306.7477,-0.9839543,-0.097263,-0.2553432,0.4179066,0.03360147,0.2619139,1.163125,-1.17843,-0.3348604,58.22576,9.92312,105.9808,
1320.903,-0.9149558,-0.07690423,-0.2554169,-0.1717303,-0.101056,-0.1370403,1.019812,-0.3611138,-0.6296148,12.19183,260.6703,356.1774,-0.8024569,-0.2463386,-0.2876505,-0.1566335,0.2829651,0.5125134,0.9085185,-1.093317,-0.9170688,29.70739,220.7161,306.4624,-1.061826,-0.08294364,-0.269409,0.4835607,-0.1959182,0.3021214,1.146644,-1.179199,-0.3389368,58.38128,9.356266,104.8111,
1334.342,-0.917812,-0.06259549,-0.2491123,-0.08519659,-0.1037702,-0.1019583,1.007062,-0.3611448,-0.6328392,12.27573,260.7744,356.1379,-0.738805,-0.2934162,-0.2887671,-0.1349152,0.3449112,0.697807,0.899546,-1.09782,-0.9208604,30.44313,220.0372,306.0901,-1.13522,-0.06811688,-0.2806951,0.5349139,-0.3768982,0.372379,1.129523,-1.179802,-0.3430574,58.49399,8.605598,103.3955,
1348.491,-0.9232653,-0.03539435,-0.2416374,-0.02665662,-0.1201103,-0.05232064,0.9941368,-0.3605095,-0.6359763,12.29263,260.9131,356.1724,-0.6696537,-0.3320803,-0.289042,-0.06052601,0.4551143,0.8399413,0.8917127,-1.102484,-0.9246163,31.2224,219.2535,305.4373,-1.195352,-0.05116239,-0.2914049,0.5542458,-0.4325233,0.4055753,1.111851,-1.180074,-0.3474304,58.51472,8.059625,102.2383,
1362.196,-0.9286007,-0.00593733,-0.2357627,-0.06540734,-0.1354402,0.004100649,0.9811013,-0.3596848,-0.6391478,12.12341,261.037,356.3457,-0.5887086,-0.3579121,-0.2926182,0.007852152,0.65237,0.9595008,0.8851737,-1.107007,-0.9283747,31.99672,218.1787,304.4158,-1.246938,-0.02931268,-0.3099813,0.5163776,-0.4713817,0.3610235,1.093578,-1.179863,-0.3522651,58.63336,7.570161,101.2885,
1375.636,-0.9313019,0.02555407,-0.232105,-0.1064866,-0.1318072,0.04611697,0.9682086,-0.3583338,-0.6424456,11.99267,261.1165,356.4847,-0.5114882,-0.3699431,-0.2978471,0.02175412,0.8738838,1.059417,0.8795062,-1.111542,-0.9321958,32.7376,216.8155,303.1402,-1.290839,-0.01056939,-0.3352506,0.3841959,-0.5506483,0.2513268,1.075117,-1.179418,-0.3574673,58.95625,6.864507,100.3987,
1389.789,-0.9311961,0.0653585,-0.2296706,-0.07329111,-0.08564654,0.08525935,0.9553626,-0.3557289,-0.6456642,12.11183,261.1006,356.5848,-0.3929682,-0.372455,-0.3023544,-0.02144176,1.237534,1.287929,0.8758001,-1.115637,-0.9356904,33.66163,214.7089,301.2078,-1.347337,0.0139427,-0.3692425,0.02566215,-0.6951797,0.08330092,1.055611,-1.1782,-0.3631187,59.53265,5.3985,99.44487,
1403.402,-0.9322118,0.100229,-0.2285007,-0.1414054,-0.07429007,0.04960885,0.9424391,-0.3539004,-0.6487374,11.75187,261.1153,356.6051,-0.3047235,-0.3667732,-0.2954619,-0.1546172,1.390315,1.499558,0.8723913,-1.119456,-0.9390127,34.73418,212.6282,299.5197,-1.401816,0.04255586,-0.3942258,-0.3549922,-0.7941219,-0.05041606,1.035595,-1.176692,-0.3685886,60.10184,3.5569,98.45314,
1417.082,-0.9293723,0.121878,-0.2266764,-0.1897816,-0.1204499,-0.05243064,0.929929,-0.3521102,-0.6517816,11.46884,261.2616,356.4294,-0.2068524,-0.3513608,-0.280336,-0.4310651,1.461219,1.684423,0.8703643,-1.12291,-0.9418974,35.87337,210.279,297.9921,-1.459406,0.07378932,-0.4019798,-0.7490354,-0.8325409,-0.03335949,1.014825,-1.174937,-0.3739206,60.33918,1.171883,97.18629,
1431.013,-0.9204419,0.1295093,-0.2232228,-0.1579304,-0.1898871,-0.132773,0.917623,-0.3505038,-0.654809,11.33887,261.5021,356.2502,-0.1149769,-0.3359328,-0.2535997,-0.7701871,1.423678,1.820258,0.8689774,-1.126381,-0.9443069,37.07854,207.8628,296.7289,-1.515966,0.102259,-0.3936332,-1.059543,-0.8163739,0.1162484,0.9935772,-1.173148,-0.3789335,60.17703,358.5022,95.64657,
1444.943,-0.9081811,0.1282908,-0.2197234,-0.07827801,-0.2513814,-0.177577,0.905488,-0.3488201,-0.6578941,11.33105,261.7767,356.0737,-0.05010364,-0.3285976,-0.224498,-1.077121,1.345646,1.89209,0.8678684,-1.129954,-0.9463488,38.28933,205.4341,295.563,-1.569546,0.1259141,-0.3767613,-1.141588,-0.789338,0.3062004,0.9715397,-1.171466,-0.383676,59.8106,356.0664,93.9627,
1458.924,-0.8948069,0.123451,-0.2169931,-0.01226082,-0.2933381,-0.1757586,0.8934543,-0.3471762,-0.6609783,11.32321,262.0537,355.9835,0.001479851,-0.3265387,-0.1906594,-1.337606,1.23327,1.938482,0.8671129,-1.133547,-0.9479885,39.58051,203.006,294.4681,-1.623357,0.1492472,-0.360386,-0.9225847,-0.9430563,0.5877609,0.94912,-1.169363,-0.3882996,59.39275,353.4973,91.25505,
1472.417,-0.884943,0.1174765,-0.2162772,0.002648463,-0.313158,-0.1587883,0.8814092,-0.3457754,-0.6640558,11.24643,262.3173,355.9273,0.04181883,-0.3275186,-0.1531875,-1.533594,1.100462,1.971686,0.8667905,-1.136955,-0.949105,40.96241,200.6253,293.4035,-1.670086,0.1710948,-0.3579334,-0.5977973,-1.247118,0.7748326,0.9267815,-1.167057,-0.3931797,59.17687,350.7465,87.75851,
1486.582,-0.8764061,0.1100383,-0.2171319,0.006023258,-0.3216189,-0.1309798,0.8694494,-0.3444996,-0.6671295,11.18663,262.5648,355.8971,0.07233322,-0.3289186,-0.1141798,-1.643354,0.9530007,1.989438,0.8667465,-1.140324,-0.9498655,42.40676,198.3744,292.3557,-1.70214,0.1891633,-0.3721376,-0.3705305,-1.551579,0.7797793,0.9042919,-1.164638,-0.3984442,59.21588,347.9199,84.10471,
1500.321,-0.8699017,0.1010589,-0.2186068,-0.001457529,-0.3179626,-0.09527731,0.8575928,-0.3432838,-0.6702418,11.11782,262.7949,355.9118,0.09278662,-0.3271728,-0.07638329,-1.605458,0.8183487,1.986855,0.8669713,-1.143572,-0.9503083,43.82938,196.3678,291.2334,-1.720752,0.2036626,-0.3937951,-0.3436002,-1.732311,0.7102126,0.8818601,-1.162063,-0.4041367,59.25057,344.9861,80.63436,
1514.163,-0.8647602,0.09175452,-0.2202989,-0.003059531,-0.2971545,-0.0491664,0.8458319,-0.3421226,-0.673358,11.09406,262.9937,355.97,0.1076085,-0.3207169,-0.04432814,-1.450111,0.7296152,1.98467,0.8673643,-1.14672,-0.9506653,45.19577,194.5379,289.9146,-1.723436,0.2115599,-0.4200999,-0.4666374,-1.749016,0.5416363,0.8595075,-1.159304,-0.4102625,59.35352,342.1468,77.70461,
1528.217,-0.8615698,0.0804465,-0.2228946,-0.00405586,-0.2799721,-0.02529495,0.8339841,-0.341295,-0.6765776,11.05073,263.1914,355.9849,0.1223662,-0.3059945,-0.02390193,-1.298615,0.7227691,1.952281,0.8679624,-1.149517,-0.9510698,46.39183,192.6266,288.3425,-1.717468,0.213342,-0.4465467,-0.6669596,-1.667327,0.3399119,0.8371834,-1.156699,-0.4165089,59.49899,339.3383,75.17782,
1542.069,-0.8598698,0.07003748,-0.2261179,0.0308739,-0.2621651,-0.0238143,0.8220458,-0.3404168,-0.6798949,11.11802,263.3834,355.9472,0.1367205,-0.2826515,-0.01649303,-1.235291,0.7659425,1.841333,0.868737,-1.151961,-0.9515824,47.31218,190.5429,286.6749,-1.708835,0.2130877,-0.4692511,-0.955976,-1.518448,0.191605,0.8153967,-1.154316,-0.4228983,59.50233,336.3605,72.90253,
1555.896,-0.8601478,0.06068292,-0.2292837,0.04936747,-0.2469086,-0.01012975,0.8100226,-0.3397974,-0.6832509,11.14523,263.5695,355.9814,0.1504745,-0.2520034,-0.01909093,-1.266718,0.8430404,1.6697,0.8695813,-1.15397,-0.9522264,47.94424,188.2297,284.9456,-1.697299,0.2142857,-0.4825312,-1.249564,-1.299404,0.1424255,0.7938615,-1.151961,-0.4293726,59.22728,333.5049,71.07285,
1569.756,-0.8610948,0.04763385,-0.2331212,0.05982731,-0.2271597,0.02770066,0.7981126,-0.339447,-0.6866155,11.19666,263.7399,356.0824,0.1617284,-0.2185772,-0.02587391,-1.409057,0.8867704,1.46263,0.8704027,-1.15568,-0.952976,48.39539,185.7396,283.3487,-1.675086,0.2126467,-0.4934907,-1.594744,-0.9825372,0.129153,0.7727085,-1.149727,-0.4361275,58.70847,330.8221,69.90623,
1583.852,-0.8615162,0.03289978,-0.2369354,0.0842089,-0.1954919,0.07685879,0.7862279,-0.3393048,-0.6900187,11.31698,263.8712,356.2133,0.1694997,-0.1880975,-0.0318485,-1.644554,0.8526883,1.244409,0.87124,-1.157279,-0.9538832,48.82119,183.1458,282.0306,-1.653486,0.2090117,-0.5003802,-1.821038,-0.718177,0.1087642,0.7514138,-1.147362,-0.4429888,58.13971,328.3788,68.99368,
1597.378,-0.8618711,0.01708778,-0.2410193,0.1298355,-0.1547672,0.1091278,0.774281,-0.3393927,-0.6934719,11.51727,263.9727,356.3024,0.1754935,-0.1643191,-0.03559288,-1.906462,0.800643,1.022779,0.8721067,-1.158851,-0.9547894,49.20085,180.4062,280.8462,-1.640377,0.2073447,-0.5076852,-1.906944,-0.622224,0.08361802,0.7303628,-1.14493,-0.449783,57.57744,325.8704,67.75235,
1611.648,-0.8625704,0.00295817,-0.2447472,0.1916673,-0.1135811,0.1250806,0.7622674,-0.3395055,-0.6969991,11.78577,264.0648,356.3603,0.1805665,-0.1496588,-0.03550883,-2.124929,0.7809772,0.8618134,0.8728673,-1.160424,-0.955536,49.55349,177.4374,279.4768,-1.627292,0.2060929,-0.5177571,-1.914025,-0.6310032,0.05452269,0.7093902,-1.142771,-0.4566387,57.01525,323.2915,66.21621,
1625.558,-0.8640676,-0.007979236,-0.2472153,0.242279,-0.07695438,0.1450754,0.7502069,-0.3396729,-0.7004943,12.06409,264.1429,356.4639,0.1836518,-0.1434234,-0.02888669,-2.288748,0.7474862,0.8310831,0.8734747,-1.161967,-0.9562954,50.07212,174.2559,277.7856,-1.615074,0.2065734,-0.523924,-1.856753,-0.6581277,0.03654319,0.6888686,-1.140513,-0.4634619,56.44086,320.8932,64.66242,
1639.382,-0.866998,-0.01722458,-0.2493573,0.2619995,-0.0620434,0.1580151,0.7380369,-0.3400019,-0.7040563,12.28722,264.2508,356.5695,0.1824331,-0.13783,-0.0227947,-2.520636,0.6702086,0.8399118,0.8736911,-1.163328,-0.9576297,50.77086,170.6955,275.8678,-1.594753,0.2073121,-0.5296744,-1.739842,-0.6966801,0.01266576,0.6686296,-1.138119,-0.470374,55.91557,318.7108,63.09991,
1653.207,-0.87112,-0.02529641,-0.2511676,0.2617151,-0.06840595,0.1715383,0.7257774,-0.3404188,-0.7076268,12.48744,264.3973,356.7012,0.1687389,-0.1204297,-0.03077033,-2.58391,0.6282959,0.6956887,0.8737824,-1.164219,-0.9592769,51.13879,167.4727,274.2011,-1.563385,0.2077299,-0.532366,-1.608178,-0.6565147,0.01330299,0.6487718,-1.135638,-0.477466,55.39146,316.9525,61.92879,
1667.072,-0.8764549,-0.03300933,-0.2520683,0.2493425,-0.09027833,0.1839196,0.7134891,-0.3411085,-0.711072,12.65035,264.5851,356.8534,0.1488919,-0.09822925,-0.04864936,-2.485451,0.6589193,0.5140204,0.8734993,-1.164982,-0.9610258,51.12376,164.6357,272.6545,-1.53393,0.2087132,-0.5336351,-1.527197,-0.5652598,0.007609624,0.6294262,-1.133143,-0.4845448,54.86862,315.3907,61.06754,
1681.108,-0.8827216,-0.04004576,-0.2524845,0.237047,-0.128513,0.1874791,0.7011669,-0.3418257,-0.7144799,12.79817,264.8145,356.9828,0.1267522,-0.07613911,-0.07524991,-2.422045,0.7489328,0.3748804,0.8727132,-1.165708,-0.9634047,50.87133,161.6701,270.9183,-1.501178,0.2079517,-0.5397589,-1.467473,-0.5279315,-0.03140872,0.6104175,-1.130796,-0.4918245,54.39241,313.7562,60.10054,
1694.892,-0.8896815,-0.04634615,-0.253113,0.2293797,-0.166009,0.1790381,0.6886752,-0.3426157,-0.7180386,12.94607,265.0657,357.0951,0.1012979,-0.05605974,-0.1058779,-2.386153,0.8482305,0.2073333,0.8714697,-1.166333,-0.9661995,50.38504,158.7209,269.2671,-1.470306,0.2039233,-0.5487022,-1.43069,-0.5078445,-0.08475733,0.5917971,-1.128651,-0.4991962,53.93218,312.0651,59.07972,
1708.906,-0.8966409,-0.05212065,-0.2545055,0.2240173,-0.1823775,0.1731288,0.6760881,-0.3435545,-0.7217622,13.09675,265.28,357.2126,0.06624419,-0.03453092,-0.1377317,-2.212248,0.967334,0.03391755,0.8696313,-1.166734,-0.9689327,49.58215,156.3557,267.9565,-1.437944,0.1922472,-0.5560147,-1.349967,-0.4836642,-0.1547703,0.5735717,-1.127025,-0.5064443,53.58525,310.5105,58.11672,
1722.897,-0.9029427,-0.05826879,-0.2568209,0.2247608,-0.1846998,0.1733735,0.6634295,-0.3446273,-0.7255416,13.26179,265.4836,357.3376,0.03189887,-0.02142731,-0.1581173,-2.154589,1.016071,-0.0263207,0.8672239,-1.167278,-0.9718584,48.87704,153.8175,266.4753,-1.402996,0.1744677,-0.5597435,-1.213596,-0.4676841,-0.2362906,0.5558056,-1.125651,-0.5135522,53.38748,309.1186,57.16549,
1736.398,-0.9096105,-0.06546238,-0.260974,0.2339161,-0.1723535,0.1788957,0.6505284,-0.345665,-0.7295175,13.4629,265.6702,357.4761,-0.008311939,-0.01558208,-0.1692088,-2.158368,0.9560636,-0.00154084,0.864052,-1.16779,-0.9751744,48.41417,151.1496,264.8376,-1.367078,0.1542787,-0.5591787,-1.076067,-0.4280324,-0.3015419,0.5383403,-1.124485,-0.5206133,53.27289,307.9005,56.34647,
1750.627,-0.9160079,-0.07342554,-0.2657177,0.2186816,-0.1545322,0.1770127,0.637536,-0.3469278,-0.7334886,13.5814,265.8148,357.5972,-0.0586132,-0.005970027,-0.1838805,-2.090986,0.8907759,-0.05774271,0.8601075,-1.167973,-0.9787425,47.88456,148.877,263.5787,-1.336389,0.1377174,-0.5534943,-1.028879,-0.3520155,-0.3028044,0.5211529,-1.123337,-0.5276446,53.02901,306.7777,55.76976,
1764.588,-0.9229643,-0.08178486,-0.2708952,0.1966571,-0.1447139,0.1481935,0.6244133,-0.3483072,-0.7375093,13.67714,265.9622,357.6437,-0.1157329,0.003400963,-0.2019561,-2.038041,0.7834882,-0.2072314,0.8553079,-1.168037,-0.9827046,47.3931,146.8155,262.744,-1.307381,0.122457,-0.5365542,-1.011942,-0.2757307,-0.2199956,0.5041462,-1.122463,-0.5342922,52.60845,305.8752,55.43759,
1778.524,-0.930788,-0.08961774,-0.275948,0.1551855,-0.1423494,0.1101122,0.611182,-0.3497754,-0.7415972,13.68832,266.0829,357.6687,-0.1795444,0.009988844,-0.2243162,-1.930333,0.6711252,-0.3839775,0.8497779,-1.168205,-0.9870467,46.94131,145.0859,262.2941,-1.284322,0.1103566,-0.5137764,-0.9508556,-0.2733194,-0.1006892,0.4874293,-1.121718,-0.5405897,52.08364,305.1659,55.07588,
1792.199,-0.9372263,-0.09442545,-0.2799273,0.1186523,-0.1288489,0.09044612,0.5980029,-0.3511451,-0.7456651,13.72082,266.175,357.724,-0.2461052,0.01285822,-0.2518813,-1.756762,0.6352684,-0.5242585,0.8433335,-1.168503,-0.9916562,46.36919,143.7184,262.0673,-1.261302,0.09658568,-0.4926969,-0.8626789,-0.3377029,-0.03836208,0.4711539,-1.121162,-0.5466509,51.59546,304.4241,54.48166,
1806.167,-0.9434162,-0.09819749,-0.2846839,0.08761014,-0.1077465,0.07840452,0.5848432,-0.3524376,-0.7497492,13.73814,266.241,357.7766,-0.3114234,0.01016568,-0.2788015,-1.593387,0.6105548,-0.6226525,0.8361652,-1.168968,-0.9965401,45.79782,142.5073,261.9388,-1.234874,0.07923283,-0.4771958,-0.7896028,-0.3841339,-0.05689284,0.4552753,-1.121025,-0.5525529,51.22923,303.5739,53.77695,
1820.142,-0.9482195,-0.1019175,-0.2899559,0.05073742,-0.08324589,0.06798832,0.5716653,-0.3538333,-0.7539244,13.71364,266.2658,357.8219,-0.384716,0.003840165,-0.3068117,-1.431077,0.5812092,-0.6603707,0.8278685,-1.169484,-1.001841,45.26974,141.442,261.8276,-1.202931,0.0557619,-0.4602886,-0.7165588,-0.3601261,-0.05464322,0.4398888,-1.121314,-0.5582809,50.91142,302.926,53.30964,
1833.768,-0.9532592,-0.1063444,-0.296834,0.000912399,-0.06946372,0.04474974,0.5583339,-0.355345,-0.7582488,13.62551,266.2826,357.8183,-0.4486437,-0.002667101,-0.3303787,-1.331046,0.5255975,-0.7149433,0.8190897,-1.170474,-1.00761,44.81851,140.3427,261.7726,-1.166604,0.02624244,-0.4436492,-0.6079428,-0.3126652,-0.08601338,0.4249246,-1.122053,-0.5637617,50.75856,302.3939,52.92187,
1847.978,-0.9588625,-0.108954,-0.3047524,-0.04793084,-0.06016456,0.0004884929,0.5449436,-0.3567437,-0.7626987,13.48961,266.2827,357.7484,-0.5120872,-0.01125805,-0.3549167,-1.271646,0.4090936,-0.8690807,0.8099002,-1.172642,-1.014213,44.5379,139.2574,262.0241,-1.127926,-0.00693145,-0.4257644,-0.4853035,-0.2408212,-0.1270969,0.4104347,-1.123277,-0.5688565,50.74627,301.9877,52.64806,
1861.954,-0.9645694,-0.1101499,-0.3118195,-0.08950274,-0.06006968,-0.02952835,0.5314834,-0.358163,-0.7671442,13.33845,266.2908,357.705,-0.5741066,-0.01859614,-0.3819923,-1.201072,0.3136363,-1.073658,0.8000864,-1.174824,-1.021243,44.30466,138.2661,262.5752,-1.093687,-0.03577697,-0.4060009,-0.3791248,-0.1415641,-0.1349694,0.3963345,-1.124707,-0.5736441,50.78746,301.7789,52.60178,
1875.569,-0.9695936,-0.1082569,-0.3177468,-0.09628079,-0.06187605,-0.02589013,0.5180166,-0.359318,-0.7716808,13.27778,266.3458,357.7314,-0.6180952,-0.02146869,-0.4029339,-1.105697,0.30526,-1.163544,0.7898157,-1.175794,-1.027764,43.96934,137.3963,263.0715,-1.060273,-0.06127105,-0.3801956,-0.2749857,-0.05922059,-0.09205325,0.3826901,-1.126329,-0.5778846,50.81049,301.8242,52.73948,
1889.757,-0.9724009,-0.1048455,-0.3219998,-0.09709832,-0.06658905,0.01247207,0.5045736,-0.3605835,-0.7762156,13.19638,266.4078,357.8488,-0.6951754,-0.02501477,-0.4388322,-0.9192185,0.3421122,-1.135479,0.7772933,-1.176515,-1.034911,43.56903,136.922,263.5993,-1.013273,-0.08669174,-0.3321955,-0.1803319,0.02122082,0.05718351,0.3696944,-1.128217,-0.5812971,50.67298,302.2946,53.22586,
1903.618,-0.9726892,-0.1006023,-0.3258592,-0.07213987,-0.06409274,0.03666821,0.4912298,-0.3617124,-0.7808185,13.20603,266.4631,357.9081,-0.7475451,-0.02555943,-0.4592637,-0.7713898,0.3672077,-1.030095,0.7649763,-1.177047,-1.041836,43.19066,136.4769,263.9281,-0.9827592,-0.09951118,-0.2988502,-0.141129,0.06004045,0.1593178,0.3571393,-1.130115,-0.5845493,50.4665,302.6412,53.61137,
1917.502,-0.9713557,-0.09603007,-0.3308478,-0.02597228,-0.07493952,0.01510135,0.477927,-0.3627674,-0.7855053,13.23203,266.5505,357.8333,-0.8210444,-0.02042991,-0.4832587,-0.560515,0.3872261,-0.8446904,0.7510061,-1.177283,-1.049071,42.83237,136.4009,264.2125,-0.9306369,-0.1183234,-0.2501881,0.006165729,0.2026399,0.2847094,0.3454347,-1.13239,-0.5870078,50.4151,303.5979,54.53482,
1931.46,-0.969316,-0.09184404,-0.3333861,0.01731054,-0.09033629,-0.009686824,0.4646037,-0.3638102,-0.7901001,13.28198,266.657,357.7878,-0.8896541,-0.01679413,-0.5006516,-0.3649831,0.3217096,-0.7447573,0.73673,-1.177959,-1.056552,42.6751,136.4774,264.6771,-0.8860609,-0.1318743,-0.2145583,0.1669373,0.3489476,0.3386652,0.3340499,-1.134532,-0.5893716,50.53595,304.7285,55.60332,
1945.455,-0.9667405,-0.07483584,-0.333769,0.1437806,-0.103855,-0.04020558,0.4513154,-0.363552,-0.7946949,13.63074,266.8261,357.6671,-0.9497792,-0.01607302,-0.5151296,-0.189761,0.2494427,-0.6892841,0.7223933,-1.179481,-1.064367,42.60378,136.7072,265.2798,-0.8366202,-0.1407565,-0.1805284,0.3523178,0.4448594,0.3311527,0.3230828,-1.13641,-0.5913919,50.82885,305.978,56.64678,
1959.49,-0.967914,-0.04520804,-0.3331582,0.2297094,-0.1317622,-0.08090586,0.4377775,-0.362756,-0.7992797,13.85145,267.0169,357.5134,-1.01734,-0.01106006,-0.5287736,-0.01271555,0.2034101,-0.5915495,0.7069026,-1.180885,-1.072277,42.53764,137.1449,265.8634,-0.7959775,-0.1359728,-0.1535307,0.47328,0.4185871,0.3160679,0.3127023,-1.137802,-0.5930736,51.04085,307.0182,57.34572,
1973.053,-0.9712876,-0.006887237,-0.3322171,0.2362923,-0.1650614,-0.1216405,0.4241877,-0.3611693,-0.8038383,13.92394,267.2037,357.3402,-1.086987,0.003306214,-0.5327097,0.1431192,0.1318985,-0.4494645,0.6895629,-1.179289,-1.079006,42.56636,137.6904,266.3194,-0.7518247,-0.1204859,-0.1229347,0.635729,0.3236675,0.3499899,0.3032184,-1.138825,-0.5941401,51.1781,308.2198,57.88972,
1987.227,-0.976113,0.03712458,-0.3304581,0.1219606,-0.2170307,-0.1745099,0.4105847,-0.3597632,-0.8082862,13.65336,267.3759,357.1493,-1.158266,0.02500731,-0.527532,0.2890807,0.01424122,-0.2615645,0.6709455,-1.176059,-1.085087,42.77232,138.3493,266.6135,-0.6917098,-0.1014188,-0.08598395,0.9194807,0.2858855,0.3961444,0.2948093,-1.139538,-0.5947745,51.44615,310.0041,58.68473,
2000.991,-0.9760346,0.07907983,-0.3278022,0.1183478,-0.2291127,-0.2320287,0.3972425,-0.3570044,-0.8127098,13.78016,267.5363,356.8421,-1.230257,0.04868487,-0.520386,0.4565163,-0.1161685,-0.03823279,0.6515356,-1.172504,-1.091181,43.11757,139.2234,266.7986,-0.6223086,-0.0820894,-0.05199872,1.236718,0.299116,0.3920716,0.2871787,-1.139929,-0.5951292,51.89293,312.1727,59.66675,
2014.79,-0.9751425,0.124306,-0.3227071,0.06639555,-0.2489537,-0.2925796,0.3838029,-0.3542245,-0.8168979,13.60365,267.6874,356.5363,-1.309054,0.08068603,-0.5162591,0.6526412,-0.1870451,0.2143368,0.6310931,-1.16882,-1.097663,43.42721,140.3274,266.8625,-0.5502637,-0.05711414,-0.02604236,1.488347,0.3523534,0.3968977,0.2804394,-1.139759,-0.5955282,52.30605,314.5968,60.86757,
2029.042,-0.9723328,0.1494555,-0.3142483,-0.06436609,-0.2763299,-0.2794984,0.3705935,-0.3521459,-0.820857,13.24433,267.8666,356.4367,-1.380273,0.1111793,-0.5180782,0.8785774,-0.2214451,0.3560309,0.6101874,-1.16503,-1.10427,43.67936,141.7126,267.1564,-0.4778292,-0.02925126,-0.01173298,1.678447,0.4394168,0.3512513,0.2745159,-1.13908,-0.5961707,52.77523,317.1572,62.24402,
2042.856,-0.9639289,0.1574619,-0.3024291,-0.1527115,-0.2860262,-0.2148101,0.3576796,-0.3502582,-0.8245759,12.97639,268.0442,356.4346,-1.455158,0.1316354,-0.5279407,1.181202,-0.2582711,0.4015244,0.58877,-1.162287,-1.111297,43.91478,143.6119,267.8455,-0.4154758,-0.007891173,-0.01640746,1.804214,0.4257172,0.1484857,0.2686685,-1.138641,-0.596939,53.54367,319.3099,63.18487,
2056.638,-0.9529095,0.1518385,-0.2886839,-0.1733968,-0.2833676,-0.1350906,0.3449214,-0.3485417,-0.8280592,12.82007,268.2318,356.4762,-1.53118,0.1372607,-0.5405586,1.525279,-0.3065329,0.4043254,0.5666429,-1.159989,-1.118372,44.13815,145.9875,268.8155,-0.3779579,0.002366211,-0.03159836,1.83895,0.2523753,-0.05777206,0.2628383,-1.138516,-0.5977647,54.33163,320.8444,63.39814,
2070.654,-0.9421796,0.1425205,-0.2738959,-0.1210747,-0.2660667,-0.05860078,0.3322513,-0.34669,-0.8313179,12.84353,268.4295,356.5739,-1.600435,0.1298304,-0.5512779,1.857444,-0.324392,0.4096679,0.5443661,-1.158795,-1.125587,44.25957,148.6594,269.8428,-0.3618115,0.002331816,-0.04621526,1.78888,0.06475347,-0.1649035,0.2570829,-1.138632,-0.5986938,54.92839,322.0569,63.32721,
2084.614,-0.9327295,0.1334627,-0.2559695,-0.04266717,-0.2508068,0.03358532,0.319567,-0.3447891,-0.834362,12.90552,268.6536,356.7549,-1.659483,0.1155485,-0.5516003,2.130312,-0.3258597,0.4499089,0.5217236,-1.15826,-1.132557,44.31893,151.388,270.6883,-0.3511172,-0.008562565,-0.05371054,1.728747,-0.03721869,-0.2001702,0.2516589,-1.139158,-0.5994942,55.39657,323.3323,63.38588,
2098.57,-0.9271709,0.12469,-0.2402438,-0.01816903,-0.251588,0.0933759,0.3067551,-0.3433378,-0.8373137,12.84466,268.8895,356.9189,-1.711596,0.1067054,-0.5403584,2.387326,-0.2810072,0.4761301,0.4985566,-1.157358,-1.138921,44.22861,154.2363,271.439,-0.3355745,-0.02495634,-0.05228025,1.638569,0.04303394,-0.1783248,0.2466244,-1.139941,-0.6002058,55.74401,324.9397,64.06551,
2112.287,-0.9224261,0.1140186,-0.227891,-0.003371378,-0.2567449,0.08151291,0.2940462,-0.3420883,-0.8402114,12.81842,269.1081,356.9178,-1.759236,0.1031983,-0.5128741,2.613911,-0.2840014,0.5082833,0.474619,-1.155986,-1.144321,44.19755,157.1631,272.0516,-0.3190126,-0.03737409,-0.0455431,1.455778,0.1997389,-0.09553532,0.2417773,-1.140887,-0.600845,55.86506,326.543,65.12229,
2126.521,-0.9165209,0.09841251,-0.2159249,0.03242346,-0.2634765,0.00691897,0.2814572,-0.3410921,-0.8429713,12.85577,269.3193,356.7622,-1.8009,0.09905952,-0.4743344,2.779779,-0.3322562,0.5199509,0.4504466,-1.15467,-1.149175,44.27697,160.0861,272.5933,-0.299117,-0.04511041,-0.03649437,1.268543,0.3617095,-0.00999514,0.2374838,-1.141792,-0.6014686,55.85824,328.1293,66.36115,
2140.323,-0.9110147,0.08417804,-0.205613,0.080663,-0.261578,-0.06833433,0.2691019,-0.3401208,-0.845531,12.96796,269.5171,356.5867,-1.833349,0.09438657,-0.430349,2.850702,-0.3611137,0.5061076,0.4258915,-1.15351,-1.153491,44.36451,162.8201,273.0105,-0.2751609,-0.0522555,-0.03240474,1.162763,0.4677132,-0.0118098,0.2333421,-1.142856,-0.6020489,55.98536,329.747,67.58662,
2154.059,-0.9057887,0.07024499,-0.1929617,0.1514914,-0.2497875,-0.123227,0.2567444,-0.3392231,-0.8478742,13.15839,269.7169,356.4398,-1.859643,0.0864953,-0.3837215,2.821627,-0.4117512,0.4838859,0.4009411,-1.15242,-1.157333,44.56187,165.3123,273.3455,-0.2509414,-0.05481686,-0.03319312,1.098313,0.4823447,-0.0566409,0.2297037,-1.143694,-0.6026111,56.20354,331.1942,68.55788,
2168.129,-0.9028929,0.06016733,-0.1812032,0.199953,-0.2486553,-0.1572378,0.2442355,-0.3384392,-0.8500953,13.32486,269.9416,356.2869,-1.886443,0.08038522,-0.338897,2.753863,-0.4672704,0.4345793,0.3754399,-1.151212,-1.160825,44.80162,167.6849,273.7041,-0.2223341,-0.05544345,-0.03442875,1.099633,0.4856983,-0.1245405,0.2265059,-1.14458,-0.6031525,56.50824,332.7654,69.54178,
2182.218,-0.9009354,0.05083983,-0.1705219,0.2253537,-0.2614856,-0.1847865,0.23175,-0.3378961,-0.8521771,13.46699,270.201,356.118,-1.918528,0.08064578,-0.2972465,2.723148,-0.5236566,0.322093,0.3494096,-1.149709,-1.163824,44.98393,170.1981,274.2629,-0.1920776,-0.05634787,-0.03528604,1.116625,0.5326608,-0.1906917,0.2236094,-1.145471,-0.6037538,56.83644,334.5561,70.74802,
2196.006,-0.8979931,0.03692978,-0.1585287,0.2489743,-0.2878093,-0.197841,0.219414,-0.3377281,-0.8541036,13.62961,270.5152,355.9769,-1.956121,0.08784232,-0.2558663,2.77408,-0.5703565,0.1758659,0.3228187,-1.147967,-1.166205,45.06974,172.9766,274.9578,-0.166106,-0.05644339,-0.03311479,1.131724,0.5921796,-0.2028326,0.2208301,-1.146453,-0.6042655,57.042,336.4826,72.08463,
2209.984,-0.8944919,0.02361519,-0.1490559,0.2950112,-0.3043932,-0.2116888,0.2072592,-0.3376986,-0.8558755,13.89852,270.8291,355.8177,-2.004045,0.1005092,-0.2070839,2.908494,-0.617369,-0.02423316,0.2953827,-1.146105,-1.167799,45.0215,176.109,275.8149,-0.1482446,-0.05778819,-0.0292166,1.142708,0.646023,-0.1940828,0.2181278,-1.147455,-0.604748,57.15544,338.4713,73.47108,
2224.018,-0.8916709,0.009875845,-0.1394745,0.3483557,-0.3144554,-0.2270941,0.1950197,-0.3376307,-0.8575087,14.1942,271.1384,355.6475,-2.045431,0.1142517,-0.1641114,2.960685,-0.6867914,-0.2807623,0.2678443,-1.144118,-1.169036,44.86759,179.3266,276.8881,-0.1300069,-0.06340507,-0.02254302,1.131079,0.7157914,-0.1618091,0.2156631,-1.148765,-0.6051484,57.13916,340.491,74.93812,
2237.739,-0.8924958,0.0006274469,-0.1312814,0.3572369,-0.3196046,-0.2211909,0.1824775,-0.33751,-0.8591847,14.39355,271.4513,355.5362,-2.076212,0.1323837,-0.1236372,2.778814,-0.7911786,-0.5685424,0.2402012,-1.141881,-1.169768,44.62792,182.2893,278.2744,-0.1161223,-0.07229568,-0.02177396,1.126855,0.8018031,-0.2173171,0.2130822,-1.150173,-0.6056747,57.25622,342.6848,76.61298,
2251.566,-0.8962113,-0.006008148,-0.1239737,0.3252681,-0.3288056,-0.1856188,0.1698053,-0.3376155,-0.8607264,14.49361,271.766,355.5138,-2.095191,0.1481664,-0.0905923,2.458595,-0.902591,-0.8353436,0.2126582,-1.139725,-1.170167,44.30282,184.9733,279.9153,-0.1095898,-0.08091772,-0.02523483,1.096583,0.8572763,-0.290065,0.2104375,-1.15159,-0.6062592,57.41957,344.8389,78.30361,
2265.592,-0.9019476,-0.01212,-0.115749,0.2906804,-0.3286062,-0.1330869,0.1571529,-0.3377718,-0.8621101,14.60621,272.0675,355.5379,-2.113746,0.164383,-0.04664335,2.002249,-0.9726232,-1.08857,0.1841865,-1.137435,-1.169442,43.81092,187.2177,281.7508,-0.1074604,-0.08879046,-0.02958647,1.07955,0.8684337,-0.3526447,0.207749,-1.153057,-0.6068153,57.59392,346.9457,79.89626,
2279.668,-0.9082219,-0.01860642,-0.1083309,0.2553733,-0.3255247,-0.08694803,0.1444299,-0.3381349,-0.8633323,14.68211,272.352,355.5659,-2.128572,0.1752911,0.001845925,1.632207,-1.073394,-1.231931,0.1557064,-1.134967,-1.167928,43.39669,189.4133,283.6186,-0.1098985,-0.09846468,-0.03200619,1.075505,0.8831152,-0.407075,0.2048942,-1.154754,-0.6072661,57.75824,349.1229,81.52406,
2293.546,-0.9145063,-0.02679021,-0.1003936,0.2258094,-0.3202834,-0.05148502,0.1315837,-0.3387292,-0.8644738,14.74916,272.6374,355.6122,-2.141763,0.1831327,0.05439304,1.346742,-1.2634,-1.289457,0.1273403,-1.132366,-1.165731,43.1669,191.7602,285.6918,-0.114764,-0.1038474,-0.03170576,1.034448,0.9304749,-0.417066,0.2019708,-1.15642,-0.6078327,57.77961,351.2974,83.24431,
2307.546,-0.9215247,-0.03655117,-0.09185903,0.2048962,-0.3237838,-0.03737563,0.1184306,-0.3395138,-0.8656287,14.81168,272.9385,355.6166,-2.159382,0.1967233,0.1344611,1.032785,-1.62265,-1.319016,0.09858657,-1.129147,-1.162036,43.17362,194.4501,288.3997,-0.1277251,-0.1093405,-0.03236067,0.9187343,0.9671909,-0.4142249,0.1986191,-1.158235,-0.6084543,57.73742,353.2392,84.9313,
2321.414,-0.9293618,-0.04664389,-0.08341604,0.1805634,-0.3347449,-0.03793215,0.1051042,-0.3404397,-0.8666577,14.83877,273.2442,355.6063,-2.168515,0.2125013,0.1991619,0.8305018,-1.910847,-1.319659,0.07043912,-1.125823,-1.158001,43.13285,197.3401,291.1639,-0.1453982,-0.1138969,-0.03576258,0.7674732,0.9678323,-0.4315878,0.1950445,-1.159991,-0.6091318,57.73811,354.9263,86.52324,
2335.03,-0.9403223,-0.05917928,-0.07333563,0.1481712,-0.3401026,-0.02760176,0.09172583,-0.341607,-0.8673787,14.82663,273.5285,355.6331,-2.173332,0.2339141,0.2739308,0.6946497,-2.187186,-1.29056,0.04224782,-1.122045,-1.152868,43.09321,200.4979,294.0749,-0.1774725,-0.1162787,-0.04027502,0.6134716,0.9090941,-0.4461179,0.1896462,-1.161593,-0.6099043,57.79473,356.307,87.89352,
2349.246,-0.9512901,-0.07258696,-0.06407503,0.1151997,-0.3340204,0.004458753,0.07823849,-0.3430572,-0.8679738,14.78779,273.7973,355.7338,-2.169905,0.2602479,0.352846,0.607468,-2.430608,-1.263714,0.01418272,-1.117901,-1.146773,42.94827,203.86,297.0379,-0.1905497,-0.1163481,-0.04379515,0.473015,0.9170597,-0.5137873,0.186769,-1.163319,-0.6106519,57.89576,357.8609,89.57078,
